Scenario,Total_Spend,Total_Sales,Total_Profit,ROAS
-19%,9058138.9472888,53379149.704,44321010.7567112,5.8929488733419095
0%,11322673.684111,66723937.13,55401263.445889,5.8929488733419095
19%,13587208.420933198,80068724.556,66481516.13506679,5.8929488733419095
